date,datetime,time,sid,pattern_pre,streak,side,amount,tier,reason,confidence,dice,total,actual,result,is_win,pnl,gap_lock,gap_early,gap_change,gap_pct,vol_lead,late_heavy,vol_stable,remaining_s,total_vol_m,tai_pct,balance,profit,profit_pct,wr,wins,losses,win_streak,loss_streak,current_dd,max_dd,ghost,emergency,cooldown,cooldown_rem,kpi,kpi_pct,kpi_hits,kpi_next,kpi_floor,kpi_reached,kpi_hit,take_profit_hit,stop_loss_hit,kpi_stop_signal,tai_wr,xiu_wr,bias,history_21,kpi_mode,cum_profit,cum_balance,cum_wins,cum_losses,cum_wr,total_balance,hist_size,skip_reason,Vec,Z,M,Trap,Rev,pattern_13,pattern_21,pattern_100,tai_users,xiu_users,ud_diff,crowd_imbalance,smart_money_divergence,regime,session_quality,bridge_pattern,bridge_status,earcp_decision,earcp_side,earcp_confidence,earcp_threshold,earcp_coherence,earcp_n_active,earcp_high_vol,earcp_agrees_with_live,primary_engine,legacy_decision,legacy_side,legacy_tier,legacy_confidence,legacy_agrees_with_earcp,ffa_action,ffa_original_side,ffa_note,auto_reset_triggered,auto_reset_count_total,auto_reset_reason
2026-08-19,2026-08-19 12:49:23,12:49:23,3121926,TTTXTTXXXTXTX,1X,—,0,SKIP,"[NGƯỠNG] p=51.0% < θ=58.0% (Coh=0.90, Act=3) → SKIP.",0,4-2-6,12,TAI,SKIP,False,0,10.431921781583219,0.0,0.0,10.431921781583219,TAI,False,True,,3005.6799,50.0,50000000.0,0.0,0.0,0.0,0,0,0,0,0.0,0.0,False,False,False,0,15000000.0,0.0,0,65000000,50000000.0,False,False,False,False,False,0.0,0.0,NEUTRAL,XTXXXXXXTTTXTTXXXTXTX,False,0.0,50000000.0,0,0,0.0,50000000.0,101,"[NGƯỠNG] p=51.0% < θ=58.0% (Coh=0.90, Act=3) → SKIP.",SIDEWAY,,0.5147,True,False,TTTXTTXXXTXTX,XTXXXXXXTTTXTTXXXTXTX,,,,,,,ALTERNATING (NHAY),POOR,Nghiêng X 5/7 phiên gần nhất,CONFIRMED,BET,XIU,0.5103,,0.8992,3,False,,,,,,,,,,,False,0,
2026-08-19,2026-08-19 12:50:34,12:50:34,3121927,TTXTTXXXTXTXT,1T,XIU,382250,SNIPER_MID,[BET] p=65.9% ≥ θ=64.0%. Hướng X.,66,6-3-6,15,TAI,LOSS,False,-382250,86.22342214754005,0.0,0.0,86.22342214754005,XIU,False,True,,155.2826,50.0,49617750.0,-382250.0,-0.7645,0.0,0,1,0,1,0.8,0.8,False,False,False,0,15000000.0,-2.5,0,65000000,50000000.0,False,False,False,False,False,0.0,0.0,NEUTRAL,TXXXXXXTTTXTTXXXTXTXT,False,-382250.0,49617750.0,0,1,0.0,49617750.0,102,,SIDEWAY,,0.5186,True,False,TTXTTXXXTXTXT,TXXXXXXTTTXTTXXXTXTXT,,,,,,,ALTERNATING (NHAY),POOR,"Motif 'XT' (chu kỳ 2) đang lặp lại, đã thấy 6 phiên khớp",CONFIRMED,BET,XIU,0.6591,,0.9996,3,False,,,,,,,,FOLLOW,XIU,"[ADAPTIVE-HOLD] p̂=52.1% n_eff=89.2 (chưa đủ bằng chứng để đảo, |flip_score|<0.9) → size 100%.",False,0,
2026-08-19,2026-08-19 12:51:45,12:51:45,3121928,TXTTXXXTXTXTT,2T,—,0,SKIP,"[NGƯỠNG] p=50.0% < θ=68.0% (Coh=0.00, Act=0) → SKIP.",0,3-6-1,10,XIU,SKIP,False,0,3.039149087885647,0.0,0.0,3.039149087885647,XIU,False,True,,2442.4618,50.0,49617750.0,-382250.0,-0.7645,0.0,0,1,0,1,0.8,0.8,False,False,False,0,15000000.0,-2.5,0,65000000,50000000.0,False,False,False,False,False,0.0,0.0,NEUTRAL,XXXXXXTTTXTTXXXTXTXTT,False,-382250.0,49617750.0,0,1,0.0,49617750.0,103,"[NGƯỠNG] p=50.0% < θ=68.0% (Coh=0.00, Act=0) → SKIP.",UP (TAI),,0.6415,False,False,TXTTXXXTXTXTT,XXXXXXTTTXTTXXXTXTXTT,,,,,,,ALTERNATING (NHAY),POOR,"Motif 'XXXTXTXTT' (chu kỳ 9) đang lặp lại, đã thấy 13 phiên khớp",FORMING,ABSTAIN,TAI,0.5,,0.0,0,False,,,,,,,,,,,False,0,
2026-08-19,2026-08-19 12:52:56,12:52:56,3121929,XTTXXXTXTXTTX,1X,—,0,SKIP,[ADAPT-THRESH] p=62.5% < θ=77.0% (+0.160) state=NORMAL → SKIP,0,3-2-2,7,XIU,SKIP,False,0,2.9986428153194087,0.0,0.0,2.9986428153194087,XIU,False,True,,2593.2889,50.0,49617750.0,-382250.0,-0.7645,0.0,0,1,0,1,0.8,0.8,False,False,False,0,15000000.0,-2.5,0,65000000,50000000.0,False,False,False,False,False,0.0,0.0,NEUTRAL,XXXXXTTTXTTXXXTXTXTTX,False,-382250.0,49617750.0,0,1,0.0,49617750.0,104,"[NGƯỠNG] p=50.0% < θ=68.0% (Coh=0.00, Act=0) → SKIP., [ADAPT-THRESH] p=62.5% < θ=77.0% (+0.160) state=NORMAL → SKIP",SIDEWAY,,0.5425,False,False,XTTXXXTXTXTTX,XXXXXTTTXTTXXXTXTXTTX,,,,,,,ALTERNATING (NHAY),POOR,Khớp đúng mẫu tăng giảm 1-2-1 ở 3 đoạn gần nhất,CONFIRMED,BET,TAI,0.6253,,0.9999,3,False,,,,,,,,,,,False,0,
2026-08-19,2026-08-19 12:54:07,12:54:07,3121930,TTXXXTXTXTTXX,2X,—,0,SKIP,"[NGƯỠNG] p=50.0% < θ=68.0% (Coh=0.00, Act=0) → SKIP.",0,5-4-4,13,TAI,SKIP,False,0,7.8093611358719315,0.0,0.0,7.8093611358719315,XIU,False,True,,2768.1411,50.0,49617750.0,-382250.0,-0.7645,0.0,0,1,0,1,0.8,0.8,False,False,False,0,15000000.0,-2.5,0,65000000,50000000.0,False,False,False,False,False,0.0,0.0,NEUTRAL,XXXXTTTXTTXXXTXTXTTXX,False,-382250.0,49617750.0,0,1,0.0,49617750.0,105,"[NGƯỠNG] p=50.0% < θ=68.0% (Coh=0.00, Act=0) → SKIP., [ADAPT-THRESH] p=62.5% < θ=77.0% (+0.160) state=NORMAL → SKIP, [NGƯỠNG] p=50.0% < θ=68.0% (Coh=0.00, Act=0) → SKIP.",DOWN (XIU),,0.5323,False,False,TTXXXTXTXTTXX,XXXXTTTXTTXXXTXTXTTXX,,,,,,,ALTERNATING (NHAY),POOR,"Motif 'XTXTXTTXX' (chu kỳ 9) đang lặp lại, đã thấy 15 phiên khớp",FORMING,ABSTAIN,TAI,0.5,,0.0,0,False,,,,,,,,,,,False,0,
2026-08-19,2026-08-19 12:55:18,12:55:18,3121931,TXXXTXTXTTXXT,1T,—,0,SKIP,[ADAPT-THRESH] p=66.6% < θ=77.0% (+0.160) state=NORMAL → SKIP,0,1-2-4,7,XIU,SKIP,False,0,10.500224591578215,0.0,0.0,10.500224591578215,TAI,False,True,,3207.4043,50.0,49617750.0,-382250.0,-0.7645,0.0,0,1,0,1,0.8,0.8,False,False,False,0,15000000.0,-2.5,0,65000000,50000000.0,False,False,False,False,False,0.0,0.0,NEUTRAL,XXXTTTXTTXXXTXTXTTXXT,False,-382250.0,49617750.0,0,1,0.0,49617750.0,106,"[ADAPT-THRESH] p=62.5% < θ=77.0% (+0.160) state=NORMAL → SKIP, [NGƯỠNG] p=50.0% < θ=68.0% (Coh=0.00, Act=0) → SKIP., [ADAPT-THRESH] p=66.6% < θ=77.0% (+0.160) state=NORMAL → SKIP",SIDEWAY,,0.5218,False,False,TXXXTXTXTTXXT,XXXTTTXTTXXXTXTXTTXXT,,,,,,,ALTERNATING (NHAY),POOR,"Motif 'XTXTTXXT' (chu kỳ 8) đang lặp lại, đã thấy 11 phiên khớp",FORMING,BET,TAI,0.6659,,0.9937,3,False,,,,,,,,,,,False,0,
2026-08-19,2026-08-19 12:56:29,12:56:29,3121932,XXXTXTXTTXXTX,1X,—,0,SKIP,"[NGƯỠNG] p=50.0% < θ=67.9% (Coh=0.00, Act=0) → SKIP.",0,5-4-6,15,TAI,SKIP,False,0,9.428182667651454,0.0,0.0,9.428182667651454,TAI,False,True,,2780.1229,50.0,49617750.0,-382250.0,-0.7645,0.0,0,1,0,1,0.8,0.8,False,False,False,0,15000000.0,-2.5,0,65000000,50000000.0,False,False,False,False,False,0.0,0.0,NEUTRAL,XXTTTXTTXXXTXTXTTXXTX,False,-382250.0,49617750.0,0,1,0.0,49617750.0,107,"[NGƯỠNG] p=50.0% < θ=68.0% (Coh=0.00, Act=0) → SKIP., [ADAPT-THRESH] p=66.6% < θ=77.0% (+0.160) state=NORMAL → SKIP, [NGƯỠNG] p=50.0% < θ=67.9% (Coh=0.00, Act=0) → SKIP.",SIDEWAY,,0.7796,False,False,XXXTXTXTTXXTX,XXTTTXTTXXXTXTXTTXXTX,,,,,,,ALTERNATING (NHAY),NORMAL,"Motif 'TXTTXXTX' (chu kỳ 8) đang lặp lại, đã thấy 12 phiên khớp",FORMING,ABSTAIN,TAI,0.5,,0.0,0,False,,,,,,,,,,,False,0,
2026-08-19,2026-08-19 12:57:40,12:57:40,3121933,XXTXTXTTXXTXT,1T,—,0,SKIP,"[NGƯỠNG] p=50.0% < θ=68.0% (Coh=0.00, Act=0) → SKIP.",0,5-5-3,13,TAI,SKIP,False,0,3.8973366149641695,0.0,0.0,3.8973366149641695,XIU,False,True,,2838.1905,50.0,49617750.0,-382250.0,-0.7645,0.0,0,1,0,1,0.8,0.8,False,False,False,0,15000000.0,-2.5,0,65000000,50000000.0,False,False,False,False,False,0.0,0.0,NEUTRAL,XTTTXTTXXXTXTXTTXXTXT,False,-382250.0,49617750.0,0,1,0.0,49617750.0,108,"[ADAPT-THRESH] p=66.6% < θ=77.0% (+0.160) state=NORMAL → SKIP, [NGƯỠNG] p=50.0% < θ=67.9% (Coh=0.00, Act=0) → SKIP., [NGƯỠNG] p=50.0% < θ=68.0% (Coh=0.00, Act=0) → SKIP.",SIDEWAY,,0.2484,False,False,XXTXTXTTXXTXT,XTTTXTTXXXTXTXTTXXTXT,,,,,,,ALTERNATING (NHAY),POOR,"Motif 'XTTXXTXT' (chu kỳ 8) đang lặp lại, đã thấy 13 phiên khớp",FORMING,ABSTAIN,TAI,0.5,,0.0,0,False,,,,,,,,,,,False,0,
2026-08-19,2026-08-19 12:58:51,12:58:51,3121934,XTXTXTTXXTXTT,2T,—,0,SKIP,[ADAPT-THRESH] p=67.0% < θ=80.0% (+0.160) state=NORMAL → SKIP,0,4-2-5,11,TAI,SKIP,False,0,15.787240529708448,0.0,0.0,15.787240529708448,XIU,False,True,,2621.9931,50.0,49617750.0,-382250.0,-0.7645,0.0,0,1,0,1,0.8,0.8,False,False,False,0,15000000.0,-2.5,0,65000000,50000000.0,False,False,False,False,False,0.0,0.0,NEUTRAL,TTTXTTXXXTXTXTTXXTXTT,False,-382250.0,49617750.0,0,1,0.0,49617750.0,109,"[NGƯỠNG] p=50.0% < θ=67.9% (Coh=0.00, Act=0) → SKIP., [NGƯỠNG] p=50.0% < θ=68.0% (Coh=0.00, Act=0) → SKIP., [ADAPT-THRESH] p=67.0% < θ=80.0% (+0.160) state=NORMAL → SKIP",SIDEWAY,,0.4609,False,False,XTXTXTTXXTXTT,TTTXTTXXXTXTXTTXXTXTT,,,,,,,ALTERNATING (NHAY),POOR,"Motif 'XXTXTT' (chu kỳ 6) đang lặp lại, đã thấy 11 phiên khớp",FORMING,BET,XIU,0.67,,0.5,1,False,,,,,,,,,,,False,0,
2026-08-19,2026-08-19 13:00:02,13:00:02,3121935,TXTXTTXXTXTTT,3T,TAI,65000,SNIPER_MID,[BẮT RÁC] online fadeWR=0.52 followWR=0.42 nF=0 nFo=0 sc=3 | đu BET. Lật → X,64,1-4-6,11,TAI,WIN,True,63700,67.87648891400283,0.0,0.0,67.87648891400283,XIU,False,True,,72.7086,50.0,49681450.0,-318550.0,-0.6371,50.0,1,1,1,0,0.8,0.8,False,False,False,0,15000000.0,-2.1,0,65000000,50000000.0,False,False,False,False,False,0.0,0.0,NEUTRAL,TTXTTXXXTXTXTTXXTXTTT,False,-318550.0,49681450.0,1,1,50.0,49681450.0,110,,DOWN (XIU),,0.4164,False,False,TXTXTTXXTXTTT,TTXTTXXXTXTXTTXXTXTTT,,,,,,,CHOPPY (RAC),POOR,Bet T dang chay 3 ván liên tiếp,CONFIRMED,BET,TAI,0.5056,,0.8984,4,False,,,,,,,,FADE,XIU,"[ADAPTIVE-FADE] p̂=38.4% n_eff=87.3 flip_score=-1.09 → đảo, size 71%.",False,0,
2026-08-19,2026-08-19 13:01:13,13:01:13,3121936,XTXTTXXTXTTTT,4T,XIU,68500,SNIPER_MID,[BẮT RÁC] online fadeWR=0.44 followWR=0.42 nF=1 nFo=0 sc=4 | đu BET. Lật → X,64,5-5-6,16,TAI,LOSS,False,-68500,39.15109040086628,0.0,0.0,39.15109040086628,XIU,False,True,,59.2941,50.0,49612950.0,-387050.0,-0.7741,33.33333333333333,1,2,0,1,0.8,0.8,False,False,False,0,15000000.0,-2.6,0,65000000,50000000.0,False,False,False,False,False,0.0,0.0,NEUTRAL,TXTTXXXTXTXTTXXTXTTTT,False,-387050.0,49612950.0,1,2,33.3,49612950.0,111,,SIDEWAY,,0.4678,False,False,XTXTTXXTXTTTT,TXTTXXXTXTXTTXXTXTTTT,,,,,,,CHOPPY (RAC),POOR,Bet T dang chay 4 ván liên tiếp,CONFIRMED,BET,TAI,0.5859,,0.9423,7,False,,,,,,,,FOLLOW,XIU,"[ADAPTIVE-HOLD] p̂=54.1% n_eff=85.7 (chưa đủ bằng chứng để đảo, |flip_score|<0.9) → size 100%.",False,0,
2026-08-19,2026-08-19 13:02:24,13:02:24,3121937,TXTTXXTXTTTTT,5T,—,0,SKIP,[ADAPT-THRESH] p=63.4% < θ=76.5% (+0.160) state=NORMAL → SKIP,0,4-1-3,8,XIU,SKIP,False,0,0.04089618442207333,0.0,0.0,0.04089618442207333,TAI,False,True,,2325.948,50.0,49612950.0,-387050.0,-0.7741,33.33333333333333,1,2,0,1,0.8,0.8,False,False,False,0,15000000.0,-2.6,0,65000000,50000000.0,False,False,False,False,False,0.0,0.0,NEUTRAL,XTTXXXTXTXTTXXTXTTTTT,False,-387050.0,49612950.0,1,2,33.3,49612950.0,112,[ADAPT-THRESH] p=63.4% < θ=76.5% (+0.160) state=NORMAL → SKIP,UP (TAI),,0.6471,True,False,TXTTXXTXTTTTT,XTTXXXTXTXTTXXTXTTTTT,,,,,,,CLUSTERING (BET),NORMAL,Bet T dang chay 5 ván liên tiếp,CONFIRMED,BET,TAI,0.6343,,0.9336,9,False,,,,,,,,,,,False,0,
2026-08-19,2026-08-19 13:03:35,13:03:35,3121938,XTTXXTXTTTTTX,1X,—,0,SKIP,[ADAPT-THRESH] p=69.0% < θ=82.9% (+0.160) state=NORMAL → SKIP,0,1-3-3,7,XIU,SKIP,False,0,0.5204634374602769,0.0,0.0,0.5204634374602769,XIU,False,True,,2309.2704,50.0,49612950.0,-387050.0,-0.7741,33.33333333333333,1,2,0,1,0.8,0.8,False,False,False,0,15000000.0,-2.6,0,65000000,50000000.0,False,False,False,False,False,0.0,0.0,NEUTRAL,TTXXXTXTXTTXXTXTTTTTX,False,-387050.0,49612950.0,1,2,33.3,49612950.0,113,"[ADAPT-THRESH] p=63.4% < θ=76.5% (+0.160) state=NORMAL → SKIP, [ADAPT-THRESH] p=69.0% < θ=82.9% (+0.160) state=NORMAL → SKIP",SIDEWAY,,0.5014,True,False,XTTXXTXTTTTTX,TTXXXTXTXTTXXTXTTTTTX,,,,,,,CLUSTERING (BET),POOR,Nghiêng T 4/5 phiên gần nhất,CONFIRMED,BET,TAI,0.69,,0.5,1,False,,,,,,,,,,,False,0,
2026-08-19,2026-08-19 13:04:46,13:04:46,3121939,TTXXTXTTTTTXX,2X,—,0,SKIP,"[NGƯỠNG] p=50.0% < θ=67.9% (Coh=0.00, Act=0) → SKIP.",0,1-3-6,10,XIU,SKIP,False,0,13.501236095529535,0.0,0.0,13.501236095529535,XIU,False,True,,2577.1507,50.0,49612950.0,-387050.0,-0.7741,33.33333333333333,1,2,0,1,0.8,0.8,False,False,False,0,15000000.0,-2.6,0,65000000,50000000.0,False,False,False,False,False,0.0,0.0,NEUTRAL,TXXXTXTXTTXXTXTTTTTXX,False,-387050.0,49612950.0,1,2,33.3,49612950.0,114,"[ADAPT-THRESH] p=63.4% < θ=76.5% (+0.160) state=NORMAL → SKIP, [ADAPT-THRESH] p=69.0% < θ=82.9% (+0.160) state=NORMAL → SKIP, [NGƯỠNG] p=50.0% < θ=67.9% (Coh=0.00, Act=0) → SKIP.",DOWN (XIU),,0.4261,False,False,TTXXTXTTTTTXX,TXXXTXTXTTXXTXTTTTTXX,,,,,,,CLUSTERING (BET),POOR,Nghiêng T 5/7 phiên gần nhất,CONFIRMED,ABSTAIN,TAI,0.5,,0.0,0,False,,,,,,,,,,,False,0,
2026-08-19,2026-08-19 13:05:57,13:05:57,3121940,TXXTXTTTTTXXX,3X,—,0,SKIP,"[NGƯỠNG] p=56.7% < θ=64.1% (Coh=0.49, Act=2) → SKIP.",0,1-4-4,9,XIU,SKIP,False,0,4.119077004983675,0.0,0.0,4.119077004983675,TAI,False,True,,2453.4955,50.0,49612950.0,-387050.0,-0.7741,33.33333333333333,1,2,0,1,0.8,0.8,False,False,False,0,15000000.0,-2.6,0,65000000,50000000.0,False,False,False,False,False,0.0,0.0,NEUTRAL,XXXTXTXTTXXTXTTTTTXXX,False,-387050.0,49612950.0,1,2,33.3,49612950.0,115,"[ADAPT-THRESH] p=69.0% < θ=82.9% (+0.160) state=NORMAL → SKIP, [NGƯỠNG] p=50.0% < θ=67.9% (Coh=0.00, Act=0) → SKIP., [NGƯỠNG] p=56.7% < θ=64.1% (Coh=0.49, Act=2) → SKIP.",SIDEWAY,,0.4508,False,False,TXXTXTTTTTXXX,XXXTXTXTTXXTXTTTTTXXX,,,,,,,CLUSTERING (BET),POOR,Bet X dang chay 3 ván liên tiếp,CONFIRMED,BET,XIU,0.5671,,0.4909,2,False,,,,,,,,,,,False,0,
2026-08-19,2026-08-19 13:07:08,13:07:08,3121941,XXTXTTTTTXXXX,4X,—,0,SKIP,"[NGƯỠNG] p=56.8% < θ=57.5% (Coh=0.93, Act=6) → SKIP.",0,6-1-2,9,XIU,SKIP,False,0,1.5268768091424696,0.0,0.0,1.5268768091424696,TAI,False,True,,2449.0128,50.0,49612950.0,-387050.0,-0.7741,33.33333333333333,1,2,0,1,0.8,0.8,False,False,False,0,15000000.0,-2.6,0,65000000,50000000.0,False,False,False,False,False,0.0,0.0,NEUTRAL,XXTXTXTTXXTXTTTTTXXXX,False,-387050.0,49612950.0,1,2,33.3,49612950.0,116,"[NGƯỠNG] p=50.0% < θ=67.9% (Coh=0.00, Act=0) → SKIP., [NGƯỠNG] p=56.7% < θ=64.1% (Coh=0.49, Act=2) → SKIP., [NGƯỠNG] p=56.8% < θ=57.5% (Coh=0.93, Act=6) → SKIP.",SIDEWAY,,0.446,False,False,XXTXTTTTTXXXX,XXTXTXTTXXTXTTTTTXXXX,,,,,,,CLUSTERING (BET),NORMAL,Bet X dang chay 4 ván liên tiếp,CONFIRMED,BET,XIU,0.5681,,0.9327,6,False,,,,,,,,,,,False,0,
2026-08-19,2026-08-19 13:08:19,13:08:19,3121942,XTXTTTTTXXXXX,5X,—,0,SKIP,[ADAPT-THRESH] p=59.8% < θ=75.7% (+0.160) state=NORMAL → SKIP,0,6-2-2,10,XIU,SKIP,False,0,12.456162409675892,0.0,0.0,12.456162409675892,TAI,False,True,,2490.306,50.0,49612950.0,-387050.0,-0.7741,33.33333333333333,1,2,0,1,0.8,0.8,False,False,False,0,15000000.0,-2.6,0,65000000,50000000.0,False,False,False,False,False,0.0,0.0,NEUTRAL,XTXTXTTXXTXTTTTTXXXXX,False,-387050.0,49612950.0,1,2,33.3,49612950.0,117,"[NGƯỠNG] p=56.7% < θ=64.1% (Coh=0.49, Act=2) → SKIP., [NGƯỠNG] p=56.8% < θ=57.5% (Coh=0.93, Act=6) → SKIP., [ADAPT-THRESH] p=59.8% < θ=75.7% (+0.160) state=NORMAL → SKIP",SIDEWAY,,0.8519,True,False,XTXTTTTTXXXXX,XTXTXTTXXTXTTTTTXXXXX,,,,,,,CLUSTERING (BET),NORMAL,Bet X dang chay 5 ván liên tiếp,CONFIRMED,BET,XIU,0.5977,,0.9167,7,False,,,,,,,,,,,False,0,
2026-08-19,2026-08-19 13:09:30,13:09:30,3121943,TXTTTTTXXXXXX,6X,TAI,42000,SNIPER_LOW,"[FADE-BỆT] sc=6X ≥6 → đảo bám cầu, đánh T [DRIFT -1 bậc]",65,5-1-3,9,XIU,LOSS,False,-42000,33.804701417318995,0.0,0.0,33.804701417318995,TAI,False,True,,55.3077,50.0,49570950.0,-429050.0,-0.8581,25.0,1,3,0,2,0.9,0.9,False,False,False,0,15000000.0,-2.9,0,65000000,50000000.0,False,False,False,False,False,0.0,0.0,NEUTRAL,TXTXTTXXTXTTTTTXXXXXX,False,-429050.0,49570950.0,1,3,25.0,49570950.0,118,,UP (TAI),,0.6961,True,True,TXTTTTTXXXXXX,TXTXTTXXTXTTTTTXXXXXX,,,,,,,CLUSTERING (BET),NORMAL,Bet X dang chay 6 ván liên tiếp,CONFIRMED,BET,XIU,0.6509,,0.8907,8,False,,,,,,,,FOLLOW,TAI,"[ADAPTIVE-HOLD] p̂=59.1% n_eff=81.3 (chưa đủ bằng chứng để đảo, |flip_score|<0.9) → size 100%.",False,0,
2026-08-19,2026-08-19 13:10:41,13:10:41,3121944,XTTTTTXXXXXXX,7X,TAI,59000,SNIPER_MID,"[FADE-BỆT] sc=7X ≥6 → đảo bám cầu, đánh T [DRIFT -1 bậc]",69,3-3-3,9,XIU,LOSS,False,-59000,4.947757156580188,0.0,0.0,4.947757156580188,TAI,False,True,,32.9508,50.0,49511950.0,-488050.0,-0.9761000000000001,20.0,1,4,0,3,1.0,1.0,False,False,False,0,15000000.0,-3.3,0,65000000,50000000.0,False,False,False,False,False,0.0,0.0,NEUTRAL,XTXTTXXTXTTTTTXXXXXXX,False,-488050.0,49511950.0,1,4,20.0,49511950.0,119,,SIDEWAY,,0.4587,True,True,XTTTTTXXXXXXX,XTXTTXXTXTTTTTXXXXXXX,,,,,,,CLUSTERING (BET),NORMAL,Bet X dang chay 7 ván liên tiếp,CONFIRMED,BET,XIU,0.6885,,0.9395,9,False,,,,,,,,FOLLOW,TAI,"[ADAPTIVE-HOLD] p̂=56.6% n_eff=71.7 (chưa đủ bằng chứng để đảo, |flip_score|<0.9) → size 100%.",False,0,
2026-08-19,2026-08-19 13:11:52,13:11:52,3121945,TTTTTXXXXXXXX,8X,TAI,48500,SNIPER_MID,"[FADE-BỆT] sc=8X ≥6 → đảo bám cầu, đánh T [DRIFT -1 bậc]",69,3-4-5,12,TAI,WIN,True,47530,79.75271701363906,0.0,0.0,79.75271701363906,TAI,False,True,,432.736,50.0,49559480.0,-440520.0,-0.8810399999999999,33.33333333333333,2,4,1,0,1.0,1.0,False,False,False,0,15000000.0,-2.9,0,65000000,50000000.0,False,False,False,False,False,0.0,0.0,NEUTRAL,TXTTXXTXTTTTTXXXXXXXX,False,-440520.0,49559480.0,2,4,33.3,49559480.0,120,,SIDEWAY,,0.4528,True,True,TTTTTXXXXXXXX,TXTTXXTXTTTTTXXXXXXXX,,,,,,,CLUSTERING (BET),NORMAL,Bet X dang chay 8 ván liên tiếp,CONFIRMED,BET,XIU,0.6916,,0.9289,9,False,,,,,,,,FOLLOW,TAI,"[ADAPTIVE-HOLD] p̂=56.0% n_eff=72.0 (chưa đủ bằng chứng để đảo, |flip_score|<0.9) → size 100%.",False,0,
2026-08-19,2026-08-19 13:13:03,13:13:03,3121946,TTTTXXXXXXXXT,1T,—,0,SKIP,"[NGƯỠNG] p=62.5% < θ=65.9% (Coh=0.50, Act=2) → SKIP.",0,3-1-1,5,XIU,SKIP,False,0,16.04265409020582,0.0,0.0,16.04265409020582,TAI,False,True,,2509.3169,50.0,49559480.0,-440520.0,-0.8810399999999999,33.33333333333333,2,4,1,0,1.0,1.0,False,False,False,0,15000000.0,-2.9,0,65000000,50000000.0,False,False,False,False,False,0.0,0.0,NEUTRAL,XTTXXTXTTTTTXXXXXXXXT,False,-440520.0,49559480.0,2,4,33.3,49559480.0,121,"[NGƯỠNG] p=62.5% < θ=65.9% (Coh=0.50, Act=2) → SKIP.",UP (TAI),,0.5198,True,True,TTTTXXXXXXXXT,XTTXXTXTTTTTXXXXXXXXT,,,,,,,CLUSTERING (BET),POOR,Nghiêng X 4/5 phiên gần nhất,CONFIRMED,BET,XIU,0.6249,,0.4997,2,False,,,,,,,,,,,False,0,
2026-08-19,2026-08-19 13:14:14,13:14:14,3121947,TTTXXXXXXXXTX,1X,—,0,SKIP,"[NGƯỠNG] p=52.8% < θ=61.0% (Coh=0.92, Act=6) → SKIP.",0,5-3-6,14,TAI,SKIP,False,0,1.513465171007149,0.0,0.0,1.513465171007149,XIU,False,True,,2552.2344,50.0,49559480.0,-440520.0,-0.8810399999999999,33.33333333333333,2,4,1,0,1.0,1.0,False,False,False,0,15000000.0,-2.9,0,65000000,50000000.0,False,False,False,False,False,0.0,0.0,NEUTRAL,TTXXTXTTTTTXXXXXXXXTX,False,-440520.0,49559480.0,2,4,33.3,49559480.0,122,"[NGƯỠNG] p=62.5% < θ=65.9% (Coh=0.50, Act=2) → SKIP., [NGƯỠNG] p=52.8% < θ=61.0% (Coh=0.92, Act=6) → SKIP.",SIDEWAY,,0.5688,False,False,TTTXXXXXXXXTX,TTXXTXTTTTTXXXXXXXXTX,,,,,,,CLUSTERING (BET),NORMAL,Nghiêng X 4/5 phiên gần nhất,CONFIRMED,BET,XIU,0.5275,,0.9163,6,False,,,,,,,,,,,False,0,
2026-08-19,2026-08-19 13:15:25,13:15:25,3121948,TTXXXXXXXXTXT,1T,—,0,SKIP,"[NGƯỠNG] p=61.0% < θ=64.7% (Coh=0.50, Act=1) → SKIP.",0,4-4-1,9,XIU,SKIP,False,0,3.0219071130202395,0.0,0.0,3.0219071130202395,XIU,False,True,,3407.2556,50.0,49559480.0,-440520.0,-0.8810399999999999,33.33333333333333,2,4,1,0,1.0,1.0,False,False,False,0,15000000.0,-2.9,0,65000000,50000000.0,False,False,False,False,False,0.0,0.0,NEUTRAL,TXXTXTTTTTXXXXXXXXTXT,False,-440520.0,49559480.0,2,4,33.3,49559480.0,123,"[NGƯỠNG] p=62.5% < θ=65.9% (Coh=0.50, Act=2) → SKIP., [NGƯỠNG] p=52.8% < θ=61.0% (Coh=0.92, Act=6) → SKIP., [NGƯỠNG] p=61.0% < θ=64.7% (Coh=0.50, Act=1) → SKIP.",SIDEWAY,,0.5743,False,False,TTXXXXXXXXTXT,TXXTXTTTTTXXXXXXXXTXT,,,,,,,CHOPPY (RAC),NORMAL,Nghiêng X 5/7 phiên gần nhất,CONFIRMED,BET,XIU,0.61,,0.5,1,False,,,,,,,,,,,False,0,
2026-08-19,2026-08-19 13:16:36,13:16:36,3121949,TXXXXXXXXTXTX,1X,TAI,201786,SNIPER_MID,[BẮT RÁC] online fadeWR=0.38 followWR=0.42 nF=2 nFo=0 sc=1 | đu NGHIENG_7. Lật → T,64,4-4-4,12,TAI,WIN,True,197750,94.42451887441065,0.0,0.0,94.42451887441065,TAI,False,True,,606.1918,50.0,49757230.0,-242770.0,-0.48554,42.857142857142854,3,4,2,0,1.0,1.0,False,False,False,0,15000000.0,-1.6,0,65000000,50000000.0,False,False,False,False,False,0.0,0.0,NEUTRAL,XXTXTTTTTXXXXXXXXTXTX,False,-242770.0,49757230.0,3,4,42.9,49757230.0,124,,SIDEWAY,,0.3952,True,False,TXXXXXXXXTXTX,XXTXTTTTTXXXXXXXXTXTX,,,,,,,CHOPPY (RAC),NORMAL,Nghiêng X 5/7 phiên gần nhất,CONFIRMED,BET,TAI,0.5256,,0.8962,5,False,,,,,,,,FOLLOW,TAI,"[ADAPTIVE-FOLLOW] p̂=66.8% n_eff=94.0 flip_score=+1.63 → giữ, size 90%.",False,0,
2026-08-19,2026-08-19 13:17:47,13:17:47,3121950,XXXXXXXXTXTXT,1T,XIU,323148,SNIPER_MID,[BET] p=63.2% ≥ θ=61.0%. Hướng X.,63,6-4-2,12,TAI,LOSS,False,-323148,90.26417299502137,0.0,0.0,90.26417299502137,XIU,False,True,,207.6671,50.0,49434082.0,-565918.0,-1.1318359999999998,37.5,3,5,0,1,1.1,1.1,False,False,False,0,15000000.0,-3.8,0,65000000,50000000.0,False,False,False,False,False,0.0,0.0,NEUTRAL,XTXTTTTTXXXXXXXXTXTXT,False,-565918.0,49434082.0,3,5,37.5,49434082.0,125,,SIDEWAY,,0.4155,True,False,XXXXXXXXTXTXT,XTXTTTTTXXXXXXXXTXTXT,,,,,,,ALTERNATING (NHAY),NORMAL,"Motif 'XT' (chu kỳ 2) đang lặp lại, đã thấy 6 phiên khớp",CONFIRMED,BET,XIU,0.6317,,0.9984,3,False,,,,,,,,FOLLOW,XIU,"[ADAPTIVE-HOLD] p̂=50.1% n_eff=90.5 (chưa đủ bằng chứng để đảo, |flip_score|<0.9) → size 100%.",False,0,
2026-08-19,2026-08-19 13:18:58,13:18:58,3121951,XXXXXXXTXTXTT,2T,—,0,SKIP,"[NGƯỠNG] p=50.0% < θ=67.7% (Coh=0.00, Act=0) → SKIP.",0,5-3-3,11,TAI,SKIP,False,0,20.497516675750656,0.0,0.0,20.497516675750656,XIU,False,True,,2866.5248,50.0,49434082.0,-565918.0,-1.1318359999999998,37.5,3,5,0,1,1.1,1.1,False,False,False,0,15000000.0,-3.8,0,65000000,50000000.0,False,False,False,False,False,0.0,0.0,NEUTRAL,TXTTTTTXXXXXXXXTXTXTT,False,-565918.0,49434082.0,3,5,37.5,49434082.0,126,"[NGƯỠNG] p=50.0% < θ=67.7% (Coh=0.00, Act=0) → SKIP.",SIDEWAY,,0.458,False,True,XXXXXXXTXTXTT,TXTTTTTXXXXXXXXTXTXTT,,,,,,,ALTERNATING (NHAY),NORMAL,Mới 2 ván T liên tiếp — có thể đang hình thành bệt,FORMING,ABSTAIN,TAI,0.5,,0.0,0,False,,,,,,,,,,,False,0,
2026-08-19,2026-08-19 13:20:09,13:20:09,3121952,XXXXXXTXTXTTT,3T,XIU,173988,SNIPER_LOW,[BẮT RÁC] online fadeWR=0.45 followWR=0.42 nF=3 nFo=0 sc=3 | đu BET. Lật → X [DRIFT -1 bậc],64,5-6-4,15,TAI,LOSS,False,-173988,19.34321161316927,0.0,0.0,19.34321161316927,TAI,False,True,,52.8313,50.0,49260094.0,-739906.0,-1.479812,33.33333333333333,3,6,0,2,1.5,1.5,False,False,False,0,15000000.0,-4.9,0,65000000,50000000.0,False,False,False,False,False,0.0,0.0,NEUTRAL,XTTTTTXXXXXXXXTXTXTTT,False,-739906.0,49260094.0,3,6,33.3,49260094.0,127,,DOWN (XIU),,0.4543,False,True,XXXXXXTXTXTTT,XTTTTTXXXXXXXXTXTXTTT,,,,,,,CHOPPY (RAC),POOR,Bet T dang chay 3 ván liên tiếp,CONFIRMED,BET,TAI,0.6191,,0.9812,4,False,,,,,,,,FOLLOW,XIU,"[ADAPTIVE-HOLD] p̂=54.0% n_eff=86.3 (chưa đủ bằng chứng để đảo, |flip_score|<0.9) → size 100%.",False,0,
2026-08-19,2026-08-19 13:21:20,13:21:20,3121953,XXXXXTXTXTTTT,4T,XIU,129512,SNIPER_LOW,[BẮT RÁC] online fadeWR=0.40 followWR=0.42 nF=4 nFo=0 sc=4 | đu BET. Lật → X [DRIFT -1 bậc],64,1-1-3,5,XIU,WIN,True,126922,77.730356849432,0.0,0.0,77.730356849432,TAI,False,True,,62.4642,50.0,49387015.0,-612985.0,-1.22597,40.0,4,6,1,0,1.5,1.5,False,False,False,0,15000000.0,-4.1,0,65000000,50000000.0,False,False,False,False,False,0.0,0.0,NEUTRAL,TTTTTXXXXXXXXTXTXTTTT,False,-612985.0,49387015.0,4,6,40.0,49387015.0,128,,SIDEWAY,,0.4985,False,True,XXXXXTXTXTTTT,TTTTTXXXXXXXXTXTXTTTT,,,,,,,CHOPPY (RAC),POOR,Bet T dang chay 4 ván liên tiếp,CONFIRMED,BET,TAI,0.5731,,0.9351,7,False,,,,,,,,FOLLOW,XIU,"[ADAPTIVE-FOLLOW] p̂=66.9% n_eff=88.7 flip_score=+1.59 → giữ, size 90%.",False,0,
2026-08-19,2026-08-19 13:22:31,13:22:31,3121954,XXXXTXTXTTTTX,1X,XIU,197697,SNIPER_LOW,[BẮT RÁC] online fadeWR=0.46 followWR=0.42 nF=5 nFo=0 sc=1 | đu NGHIENG_5. Lật → X [DRIFT -1 bậc],64,2-3-2,7,XIU,WIN,True,193743,68.4764248789153,0.0,0.0,68.4764248789153,XIU,False,True,,61.9077,50.0,49580758.0,-419242.0,-0.8384839999999999,45.45454545454545,5,6,2,0,1.5,1.5,False,False,False,0,15000000.0,-2.8,0,65000000,50000000.0,False,False,False,False,False,0.0,0.0,NEUTRAL,TTTTXXXXXXXXTXTXTTTTX,False,-419242.0,49580758.0,5,6,45.5,49580758.0,129,,SIDEWAY,,0.4103,True,True,XXXXTXTXTTTTX,TTTTXXXXXXXXTXTXTTTTX,,,,,,,CHOPPY (RAC),POOR,Nghiêng T 4/5 phiên gần nhất,CONFIRMED,BET,TAI,0.67,,0.5,2,False,,,,,,,,FOLLOW,XIU,"[ADAPTIVE-FOLLOW] p̂=69.3% n_eff=96.0 flip_score=+1.89 → giữ, size 93%.",False,0,
2026-08-19,2026-08-19 13:23:42,13:23:42,3121955,XXXTXTXTTTTXX,2X,—,0,SKIP,"[NGƯỠNG] p=50.0% < θ=68.0% (Coh=0.00, Act=0) → SKIP.",0,4-2-4,10,XIU,SKIP,False,0,5.887081170724773,0.0,0.0,5.887081170724773,TAI,False,True,,2934.2111,50.0,49580758.0,-419242.0,-0.8384839999999999,45.45454545454545,5,6,2,0,1.5,1.5,False,False,False,0,15000000.0,-2.8,0,65000000,50000000.0,False,False,False,False,False,0.0,0.0,NEUTRAL,TTTXXXXXXXXTXTXTTTTXX,False,-419242.0,49580758.0,5,6,45.5,49580758.0,130,"[NGƯỠNG] p=50.0% < θ=68.0% (Coh=0.00, Act=0) → SKIP.",SIDEWAY,,0.3627,False,False,XXXTXTXTTTTXX,TTTXXXXXXXXTXTXTTTTXX,,,,,,,CLUSTERING (BET),POOR,"Motif 'TXTXTTTTXX' (chu kỳ 10) đang lặp lại, đã thấy 12 phiên khớp",FORMING,ABSTAIN,TAI,0.5,,0.0,0,False,,,,,,,,,,,False,0,
2026-08-19,2026-08-19 13:24:53,13:24:53,3121956,XXTXTXTTTTXXX,3X,—,0,SKIP,"[NGƯỠNG] p=56.7% < θ=64.1% (Coh=0.49, Act=2) → SKIP.",0,4-4-1,9,XIU,SKIP,False,0,14.849324424734728,0.0,0.0,14.849324424734728,TAI,False,True,,2875.3145,50.0,49580758.0,-419242.0,-0.8384839999999999,45.45454545454545,5,6,2,0,1.5,1.5,False,False,False,0,15000000.0,-2.8,0,65000000,50000000.0,False,False,False,False,False,0.0,0.0,NEUTRAL,TTXXXXXXXXTXTXTTTTXXX,False,-419242.0,49580758.0,5,6,45.5,49580758.0,131,"[NGƯỠNG] p=50.0% < θ=68.0% (Coh=0.00, Act=0) → SKIP., [NGƯỠNG] p=56.7% < θ=64.1% (Coh=0.49, Act=2) → SKIP.",UP (TAI),,0.6871,False,False,XXTXTXTTTTXXX,TTXXXXXXXXTXTXTTTTXXX,,,,,,,CLUSTERING (BET),POOR,Bet X dang chay 3 ván liên tiếp,CONFIRMED,BET,XIU,0.5666,,0.4909,2,False,,,,,,,,,,,False,0,
2026-08-19,2026-08-19 13:26:04,13:26:04,3121957,XTXTXTTTTXXXX,4X,—,0,SKIP,"[NGƯỠNG] p=56.1% < θ=57.6% (Coh=0.93, Act=6) → SKIP.",0,6-3-6,15,TAI,SKIP,False,0,3.1388203690897307,0.0,0.0,3.1388203690897307,TAI,False,True,,2732.3619,50.0,49580758.0,-419242.0,-0.8384839999999999,45.45454545454545,5,6,2,0,1.5,1.5,False,False,False,0,15000000.0,-2.8,0,65000000,50000000.0,False,False,False,False,False,0.0,0.0,NEUTRAL,TXXXXXXXXTXTXTTTTXXXX,False,-419242.0,49580758.0,5,6,45.5,49580758.0,132,"[NGƯỠNG] p=50.0% < θ=68.0% (Coh=0.00, Act=0) → SKIP., [NGƯỠNG] p=56.7% < θ=64.1% (Coh=0.49, Act=2) → SKIP., [NGƯỠNG] p=56.1% < θ=57.6% (Coh=0.93, Act=6) → SKIP.",SIDEWAY,,0.6142,False,False,XTXTXTTTTXXXX,TXXXXXXXXTXTXTTTTXXXX,,,,,,,CLUSTERING (BET),NORMAL,Bet X dang chay 4 ván liên tiếp,CONFIRMED,BET,XIU,0.5613,,0.9299,6,False,,,,,,,,,,,False,0,
2026-08-19,2026-08-19 13:27:15,13:27:15,3121958,TXTXTTTTXXXXT,1T,XIU,277147,SNIPER_MID,[BẮT RÁC] online fadeWR=0.51 followWR=0.42 nF=6 nFo=0 sc=1 | đu NGHIENG_5. Lật → T,64,5-3-5,13,TAI,LOSS,False,-277147,13.144860377159107,0.0,0.0,13.144860377159107,TAI,False,True,,312.736,50.0,49303611.0,-696389.0,-1.392778,41.66666666666667,5,7,0,1,1.4,1.5,False,False,False,0,15000000.0,-4.6,0,65000000,50000000.0,False,False,False,False,False,0.0,0.0,NEUTRAL,XXXXXXXXTXTXTTTTXXXXT,False,-696389.0,49303611.0,5,7,41.7,49303611.0,133,,SIDEWAY,,0.2182,True,False,TXTXTTTTXXXXT,XXXXXXXXTXTXTTTTXXXXT,,,,,,,CHOPPY (RAC),POOR,Nghiêng X 4/5 phiên gần nhất,CONFIRMED,BET,TAI,0.67,,0.5,2,False,,,,,,,,FADE,TAI,"[ADAPTIVE-FADE] p̂=38.7% n_eff=89.4 flip_score=-1.06 → đảo, size 71%.",False,0,
2026-08-19,2026-08-19 13:28:26,13:28:26,3121959,XTXTTTTXXXXTT,2T,TAI,337758,SNIPER_MID,[HẠ TIER ÉP] n_act=1≤2 → MID. [BET] p=71.0% ≥ θ=64.0%. Hướng T.,71,4-6-5,15,TAI,WIN,True,331003,81.81057774504434,0.0,0.0,81.81057774504434,TAI,False,True,,231.1656,50.0,49634613.0,-365387.0,-0.730774,46.15384615384615,6,7,1,0,1.4,1.5,False,False,False,0,15000000.0,-2.4,0,65000000,50000000.0,False,False,False,False,False,0.0,0.0,NEUTRAL,XXXXXXXTXTXTTTTXXXXTT,False,-365387.0,49634613.0,6,7,46.2,49634613.0,134,,SIDEWAY,,0.4983,True,False,XTXTTTTXXXXTT,XXXXXXXTXTXTTTTXXXXTT,,,,,,,CLUSTERING (BET),POOR,"Motif 'TTXXXXTT' (chu kỳ 8) đang lặp lại, đã thấy 11 phiên khớp",FORMING,BET,TAI,0.71,,0.5,1,False,,,,,,,,FOLLOW,TAI,"[ADAPTIVE-FOLLOW] p̂=68.9% n_eff=74.3 flip_score=+1.63 → giữ, size 93%.",False,0,
2026-08-19,2026-08-19 13:29:37,13:29:37,3121960,TXTTTTXXXXTTT,3T,—,0,SKIP,"[NGƯỠNG] p=56.6% < θ=64.0% (Coh=0.49, Act=2) → SKIP.",0,2-3-4,9,XIU,SKIP,False,0,5.861376127987197,0.0,0.0,5.861376127987197,TAI,False,True,,2994.0975,50.0,49634613.0,-365387.0,-0.730774,46.15384615384615,6,7,1,0,1.4,1.5,False,False,False,0,15000000.0,-2.4,0,65000000,50000000.0,False,False,False,False,False,0.0,0.0,NEUTRAL,XXXXXXTXTXTTTTXXXXTTT,False,-365387.0,49634613.0,6,7,46.2,49634613.0,135,"[NGƯỠNG] p=56.6% < θ=64.0% (Coh=0.49, Act=2) → SKIP.",SIDEWAY,,0.5842,True,False,TXTTTTXXXXTTT,XXXXXXTXTXTTTTXXXXTTT,,,,,,,CLUSTERING (BET),POOR,Bet T dang chay 3 ván liên tiếp,CONFIRMED,BET,TAI,0.5664,,0.4909,2,False,,,,,,,,,,,False,0,
2026-08-19,2026-08-19 13:30:48,13:30:48,3121961,XTTTTXXXXTTTX,1X,XIU,455400,SNIPER_MID,[BET] p=65.0% ≥ θ=65.0%. Hướng X.,65,2-3-1,6,XIU,WIN,True,446292,88.19334550578832,0.0,0.0,88.19334550578832,XIU,False,True,,276.7335,50.0,50080905.0,80905.0,0.16180999999999998,50.0,7,7,2,0,0.0,1.5,False,False,False,0,15000000.0,0.5,0,65000000,50000000.0,False,False,False,False,False,0.0,0.0,NEUTRAL,XXXXXTXTXTTTTXXXXTTTX,False,80905.0,50080905.0,7,7,50.0,50080905.0,136,,SIDEWAY,,0.6139,True,False,XTTTTXXXXTTTX,XXXXXTXTXTTTTXXXXTTTX,,,,,,,CHOPPY (RAC),POOR,"Motif 'XXXTTTX' (chu kỳ 7) đang lặp lại, đã thấy 11 phiên khớp",FORMING,BET,XIU,0.65,,0.5,2,False,,,,,,,,FOLLOW,XIU,"[ADAPTIVE-FOLLOW] p̂=72.4% n_eff=69.0 flip_score=+1.86 → giữ, size 97%.",False,0,
2026-08-19,2026-08-19 13:31:59,13:31:59,3121962,TTTTXXXXTTTXX,2X,XIU,466357,SNIPER_MID,[HẠ TIER ÉP] n_act=2≤2 → MID. [BET] p=68.7% ≥ θ=64.0%. Hướng X.,69,6-2-1,9,XIU,WIN,True,457030,46.43524328924742,0.0,0.0,46.43524328924742,XIU,False,True,,74.1836,50.0,50537934.0,537934.0,1.075868,53.333333333333336,8,7,3,0,0.0,1.5,False,False,False,0,15000000.0,3.6,0,65000000,50000000.0,False,False,False,False,False,0.0,0.0,NEUTRAL,XXXXTXTXTTTTXXXXTTTXX,False,537934.0,50537934.0,8,7,53.3,50537934.0,137,,DOWN (XIU),,0.2606,True,False,TTTTXXXXTTTXX,XXXXTXTXTTTTXXXXTTTXX,,,,,,,CLUSTERING (BET),POOR,"Motif 'XXTTTXX' (chu kỳ 7) đang lặp lại, đã thấy 12 phiên khớp",FORMING,BET,XIU,0.6871,,0.5,2,False,,,,,,,,FOLLOW,XIU,"[ADAPTIVE-HOLD] p̂=56.9% n_eff=72.7 (chưa đủ bằng chứng để đảo, |flip_score|<0.9) → size 100%.",False,0,
2026-08-19,2026-08-19 13:33:10,13:33:10,3121963,TTTXXXXTTTXXX,3X,XIU,515892,SNIPER_MID,[BET] p=63.9% ≥ θ=60.2%. Hướng X.,64,2-1-2,5,XIU,WIN,True,505574,21.733668304080762,0.0,0.0,21.733668304080762,TAI,False,True,,86.8064,50.0,51043508.0,1043508.0,2.0870159999999998,56.25,9,7,4,0,0.0,1.5,False,False,False,0,15000000.0,7.0,0,65000000,50000000.0,False,False,False,False,False,0.0,0.0,NEUTRAL,XXXTXTXTTTTXXXXTTTXXX,False,1043508.0,51043508.0,9,7,56.2,51043508.0,138,,SIDEWAY,,0.2571,True,False,TTTXXXXTTTXXX,XXXTXTXTTTTXXXXTTTXXX,,,,,,,CLUSTERING (BET),POOR,Bet X dang chay 3 ván liên tiếp,CONFIRMED,BET,XIU,0.6385,,0.9726,4,False,,,,,,,,FOLLOW,XIU,"[ADAPTIVE-FOLLOW] p̂=69.5% n_eff=75.0 flip_score=+1.69 → giữ, size 93%.",False,0,
2026-08-19,2026-08-19 13:34:21,13:34:21,3121964,TTXXXXTTTXXXX,4X,—,0,SKIP,"[NGƯỠNG] p=51.5% < θ=58.0% (Coh=0.88, Act=8) → SKIP.",0,5-1-2,8,XIU,SKIP,False,0,35.227603309343195,0.0,0.0,35.227603309343195,TAI,False,True,,3804.7422,50.0,51043508.0,1043508.0,2.0870159999999998,56.25,9,7,4,0,0.0,1.5,False,False,False,0,15000000.0,7.0,0,65000000,50000000.0,False,False,False,False,False,0.0,0.0,NEUTRAL,XXTXTXTTTTXXXXTTTXXXX,False,1043508.0,51043508.0,9,7,56.2,51043508.0,139,"[NGƯỠNG] p=51.5% < θ=58.0% (Coh=0.88, Act=8) → SKIP.",SIDEWAY,,0.2536,False,False,TTXXXXTTTXXXX,XXTXTXTTTTXXXXTTTXXXX,,,,,,,CLUSTERING (BET),NORMAL,"Motif 'TTTXXXX' (chu kỳ 7) đang lặp lại, đã thấy 14 phiên khớp",CONFIRMED,BET,XIU,0.5149,,0.8777,8,False,,,,,,,,,,,False,0,
