datetime,sid,action,original_side,recommended_side,evidence_key,size_multiplier,ctx,origin_regime,tier,actual,rec_is_win
2026-08-19T03:53:41.074901,3121474,FOLLOW,TAI,TAI,ADAPTIVE_HOLD,1.0,CHOP|c62-68|run3|with|g25-50|BR,CHOP|BR,,XIU,False
2026-08-19T04:07:53.082133,3121486,REDUCE_SIZE,TAI,TAI,ADAPTIVE_HOLD,0.814,CHOP|c62-68|run2|with|g50+|NAT,CHOP|NAT,,TAI,True
2026-08-19T04:09:03.949055,3121487,REDUCE_SIZE,TAI,TAI,ADAPTIVE_HOLD,0.856,CHOP|c62-68|run1|against|g15-25|BR,CHOP|BR,,XIU,False
2026-08-19T04:09:11.972524,3121487,REDUCE_SIZE,TAI,TAI,ADAPTIVE_HOLD,0.856,CHOP|c62-68|run1|against|g25-50|BR,CHOP|BR,,,
2026-08-19T04:10:14.967599,3121488,REDUCE_SIZE,XIU,XIU,ADAPTIVE_HOLD,0.856,ALT|c<62|run1|with|g50+|NAT,ALT|NAT,,XIU,True
2026-08-19T04:11:25.941480,3121489,FOLLOW,TAI,TAI,ADAPTIVE_HOLD,1.0,CHOP|c62-68|run2|with|g50+|NAT,CHOP|NAT,,XIU,False
2026-08-19T04:12:37.084458,3121490,REDUCE_SIZE,TAI,TAI,ADAPTIVE_HOLD,0.488,CHOP|c62-68|run3|with|g25-50|BR,CHOP|BR,,TAI,True
2026-08-19T04:13:48.009226,3121491,REDUCE_SIZE,TAI,TAI,ADAPTIVE_HOLD,0.882,CHOP|c62-68|run1|with|g15-25|BR,CHOP|BR,,XIU,False
2026-08-19T04:16:10.001667,3121493,REDUCE_SIZE,XIU,XIU,ADAPTIVE_HOLD,0.92,CHOP|c62-68|run2|against|g15-25|NAT,CHOP|NAT,,TAI,False
2026-08-19T04:17:21.042887,3121494,REDUCE_SIZE,TAI,TAI,ADAPTIVE_HOLD,0.66,CHOP|c62-68|run1|neutral|g3-8|BR,CHOP|BR,,TAI,True
2026-08-19T04:18:31.995844,3121495,REDUCE_SIZE,XIU,XIU,ADAPTIVE_HOLD,0.819,CHOP|c68-75|run2|neutral|g0-3|NAT,CHOP|NAT,,TAI,False
2026-08-19T04:19:43.036684,3121496,REDUCE_SIZE,XIU,XIU,ADAPTIVE_HOLD,0.8,CHOP|c62-68|run3|with|g8-15|BR,CHOP|BR,,XIU,True
2026-08-19T04:25:38.065919,3121501,REDUCE_SIZE,TAI,TAI,ADAPTIVE_HOLD,0.956,CHOP|c62-68|run1|with|g25-50|BR,CHOP|BR,,TAI,True
2026-08-19T04:26:49.034047,3121502,FOLLOW,TAI,TAI,ADAPTIVE_HOLD,1.0,CLUST|c68-75|run2|with|g50+|NAT,CLUST|NAT,,TAI,True
2026-08-19T04:29:11.012867,3121504,FOLLOW,XIU,XIU,ADAPTIVE_HOLD,1.0,CLUST|c62-68|run1|with|g25-50|NAT,CLUST|NAT,,TAI,False
2026-08-19T04:30:22.020066,3121505,REDUCE_SIZE,XIU,XIU,ADAPTIVE_HOLD,0.783,CHOP|c68-75|run1|against|g15-25|NAT,CHOP|NAT,,XIU,True
2026-08-19T04:31:33.058839,3121506,REDUCE_SIZE,XIU,XIU,ADAPTIVE_HOLD,0.938,CHOP|c68-75|run1|against|g25-50|NAT,CHOP|NAT,,TAI,False
2026-08-19T04:33:55.041395,3121508,FOLLOW,TAI,TAI,ADAPTIVE_HOLD,1.0,ALT|c68-75|run2|with|g15-25|NAT,ALT|NAT,,XIU,False
2026-08-19T04:35:06.052320,3121509,REDUCE_SIZE,TAI,TAI,ADAPTIVE_HOLD,0.955,ALT|c62-68|run1|against|g15-25|NAT,ALT|NAT,,TAI,True
2026-08-19T04:37:28.069031,3121511,REDUCE_SIZE,XIU,XIU,ADAPTIVE_HOLD,0.814,CHOP|c62-68|run2|with|g25-50|NAT,CHOP|NAT,,TAI,False
2026-08-19T04:38:38.976361,3121512,FOLLOW,XIU,XIU,ADAPTIVE_HOLD,1.0,CHOP|c62-68|run3|with|g8-15|BR,CHOP|BR,,TAI,False
2026-08-19T04:39:50.070548,3121513,REDUCE_SIZE,XIU,XIU,ADAPTIVE_HOLD,0.95,CHOP|c62-68|run4+|with|g8-15|BR,CHOP|BR,,XIU,True
2026-08-19T04:41:01.083592,3121514,FOLLOW,XIU,XIU,ADAPTIVE_HOLD,1.0,CHOP|c62-68|run1|against|g25-50|BR,CHOP|BR,,XIU,True
2026-08-19T04:43:23.067346,3121516,FOLLOW,XIU,XIU,ADAPTIVE_HOLD,1.0,CHOP|c62-68|run1|against|g25-50|BR,CHOP|BR,,TAI,False
2026-08-19T04:44:34.074277,3121517,FOLLOW,XIU,XIU,ADAPTIVE_HOLD,1.0,CHOP|c62-68|run2|with|g50+|BR,CHOP|BR,,TAI,False
2026-08-19T04:45:45.076408,3121518,FOLLOW,XIU,XIU,ADAPTIVE_HOLD,0.975,CHOP|c62-68|run3|with|g25-50|BR,CHOP|BR,,TAI,False
2026-08-19T04:46:56.023558,3121519,REDUCE_SIZE,TAI,TAI,ADAPTIVE_HOLD,0.899,CLUST|c<62|run4+|with|g8-15|NAT,CLUST|NAT,,TAI,True
2026-08-19T04:48:07.116001,3121520,FOLLOW,TAI,TAI,ADAPTIVE_HOLD,1.0,CLUST|c<62|run4+|with|g50+|NAT,CLUST|NAT,,TAI,True
2026-08-19T04:49:18.009781,3121521,FOLLOW,XIU,XIU,ADAPTIVE_HOLD,1.0,CLUST|c62-68|run4+|with|g25-50|NAT,CLUST|NAT,,XIU,True
2026-08-19T04:55:13.174300,3121526,FOLLOW,TAI,TAI,ADAPTIVE_HOLD,1.0,CLUST|c68-75|run2|against|g25-50|NAT,CLUST|NAT,,TAI,True
2026-08-19T04:56:24.028846,3121527,FOLLOW,TAI,TAI,ADAPTIVE_HOLD,1.0,CLUST|c<62|run3|with|g50+|NAT,CLUST|NAT,,TAI,True
2026-08-19T04:57:35.127218,3121528,FOLLOW,TAI,TAI,ADAPTIVE_HOLD,1.0,CLUST|c<62|run4+|against|g15-25|NAT,CLUST|NAT,,TAI,True
2026-08-19T04:59:57.117839,3121530,FOLLOW,XIU,XIU,ADAPTIVE_HOLD,1.0,CLUST|c62-68|run4+|with|g25-50|NAT,CLUST|NAT,,TAI,False
2026-08-19T05:01:08.122658,3121531,FOLLOW,XIU,XIU,ADAPTIVE_HOLD,1.0,CLUST|c62-68|run4+|with|g15-25|NAT,CLUST|NAT,,TAI,False
2026-08-19T05:02:19.082830,3121532,FOLLOW,XIU,XIU,ADAPTIVE_HOLD,1.0,CLUST|c62-68|run4+|with|g8-15|NAT,CLUST|NAT,,XIU,True
2026-08-19T05:08:14.084302,3121537,FOLLOW,XIU,XIU,ADAPTIVE_HOLD,0.973,CHOP|c62-68|run1|against|g25-50|BR,CHOP|BR,,XIU,True
2026-08-19T05:10:36.059619,3121539,FOLLOW,XIU,XIU,ADAPTIVE_HOLD,1.0,CHOP|c62-68|run1|against|g50+|BR,CHOP|BR,,XIU,True
2026-08-19T05:12:58.128060,3121541,REDUCE_SIZE,TAI,TAI,ADAPTIVE_HOLD,0.861,CHOP|c62-68|run2|with|g50+|NAT,CHOP|NAT,,TAI,True
2026-08-19T05:14:09.274635,3121542,FOLLOW,TAI,TAI,ADAPTIVE_HOLD,1.0,CHOP|c62-68|run1|against|g50+|BR,CHOP|BR,,XIU,False
2026-08-19T05:15:20.176484,3121543,FOLLOW,XIU,XIU,ADAPTIVE_HOLD,1.0,ALT|c68-75|run1|with|g25-50|NAT,ALT|NAT,,TAI,False
2026-08-19T05:18:53.243111,3121546,FOLLOW,TAI,TAI,ADAPTIVE_HOLD,1.0,ALT|c62-68|run2|with|g50+|NAT,ALT|NAT,,XIU,False
2026-08-19T05:20:04.111679,3121547,REDUCE_SIZE,XIU,XIU,ADAPTIVE_HOLD,0.935,ALT|c<62|run3|against|g8-15|NAT,ALT|NAT,,TAI,False
2026-08-19T05:21:15.241883,3121548,REDUCE_SIZE,XIU,XIU,ADAPTIVE_HOLD,0.83,ALT|c62-68|run1|with|g15-25|NAT,ALT|NAT,,XIU,True
2026-08-19T05:23:37.168824,3121550,REDUCE_SIZE,XIU,XIU,ADAPTIVE_HOLD,0.865,CHOP|c62-68|run2|with|g8-15|NAT,CHOP|NAT,,XIU,True
2026-08-19T05:24:48.151697,3121551,REDUCE_SIZE,TAI,TAI,ADAPTIVE_HOLD,0.961,CHOP|c62-68|run3|with|g50+|NAT,CHOP|NAT,,TAI,True
2026-08-19T05:25:59.163462,3121552,FOLLOW,TAI,TAI,ADAPTIVE_HOLD,1.0,CHOP|c62-68|run1|against|g50+|BR,CHOP|BR,,XIU,False
2026-08-19T05:27:10.160499,3121553,REDUCE_SIZE,TAI,TAI,ADAPTIVE_HOLD,0.82,CHOP|c62-68|run1|against|g50+|BR,CHOP|BR,,TAI,True
2026-08-19T05:31:54.130584,3121557,FOLLOW,TAI,TAI,ADAPTIVE_HOLD,1.0,CHOP|c75-80|run2|with|g8-15|NAT,CHOP|NAT,,XIU,False
2026-08-19T05:33:05.122397,3121558,REDUCE_SIZE,TAI,TAI,ADAPTIVE_HOLD,0.852,CHOP|c62-68|run3|with|g25-50|BR,CHOP|BR,,XIU,False
2026-08-19T05:34:16.275042,3121559,FOLLOW,XIU,XIU,ADAPTIVE_HOLD,1.0,CLUST|c<62|run4+|against|g25-50|NAT,CLUST|NAT,,XIU,True
2026-08-19T05:35:27.212377,3121560,FOLLOW,XIU,XIU,ADAPTIVE_HOLD,1.0,CLUST|c<62|run4+|with|g15-25|NAT,CLUST|NAT,,XIU,True
2026-08-19T05:36:38.150669,3121561,FOLLOW,TAI,TAI,ADAPTIVE_HOLD,1.0,CLUST|c68-75|run4+|with|g25-50|NAT,CLUST|NAT,,TAI,True
2026-08-19T05:39:00.149972,3121563,FOLLOW,TAI,TAI,ADAPTIVE_HOLD,0.992,CHOP|c62-68|run1|against|g50+|BR,CHOP|BR,,TAI,True
2026-08-19T05:42:33.182285,3121566,FOLLOW,XIU,XIU,ADAPTIVE_HOLD,1.0,CHOP|c62-68|run3|against|g50+|BR,CHOP|BR,,XIU,True
2026-08-19T05:43:44.163481,3121567,FOLLOW,TAI,TAI,ADAPTIVE_HOLD,0.997,CHOP|c62-68|run1|with|g50+|NAT,CHOP|NAT,,TAI,True
2026-08-19T05:44:55.149334,3121568,FOLLOW,XIU,XIU,ADAPTIVE_HOLD,1.0,CHOP|c62-68|run1|with|g50+|BR,CHOP|BR,,TAI,False
2026-08-19T05:46:06.170276,3121569,REDUCE_SIZE,TAI,TAI,ADAPTIVE_HOLD,0.833,CHOP|c62-68|run2|with|g25-50|NAT,CHOP|NAT,,XIU,False
2026-08-19T05:47:17.189116,3121570,FOLLOW,XIU,XIU,ADAPTIVE_HOLD,1.0,CHOP|c62-68|run1|against|g50+|BR,CHOP|BR,,TAI,False
2026-08-19T05:48:28.242705,3121571,REDUCE_SIZE,TAI,TAI,ADAPTIVE_HOLD,0.757,ALT|c68-75|run1|with|g25-50|NAT,ALT|NAT,,XIU,False
2026-08-19T05:52:01.290827,3121574,REDUCE_SIZE,XIU,XIU,ADAPTIVE_HOLD,0.878,ALT|c62-68|run1|against|g25-50|NAT,ALT|NAT,,TAI,False
2026-08-19T05:53:12.223486,3121575,REDUCE_SIZE,XIU,XIU,ADAPTIVE_HOLD,0.799,ALT|c62-68|run2|neutral|g0-3|NAT,ALT|NAT,,TAI,False
2026-08-19T05:54:23.192056,3121576,REDUCE_SIZE,XIU,XIU,ADAPTIVE_HOLD,0.693,CHOP|c62-68|run3|with|g25-50|BR,CHOP|BR,,TAI,False
2026-08-19T05:55:34.274358,3121577,FOLLOW,XIU,XIU,ADAPTIVE_HOLD,1.0,CLUST|c62-68|run4+|against|g50+|NAT,CLUST|NAT,,XIU,True
2026-08-19T05:56:45.194837,3121578,FOLLOW,XIU,XIU,ADAPTIVE_HOLD,1.0,CHOP|c62-68|run1|neutral|g3-8|BR,CHOP|BR,,XIU,True
2026-08-19T05:57:56.283795,3121579,FOLLOW,XIU,XIU,ADAPTIVE_HOLD,1.0,CLUST|c62-68|run2|against|g50+|NAT,CLUST|NAT,,TAI,False
2026-08-19T05:59:07.211250,3121580,FOLLOW,XIU,XIU,ADAPTIVE_HOLD,0.986,CHOP|c62-68|run1|against|g50+|BR,CHOP|BR,,XIU,True
2026-08-19T06:00:18.243968,3121581,REDUCE_SIZE,XIU,XIU,ADAPTIVE_HOLD,0.959,CHOP|c62-68|run1|against|g25-50|NAT,CHOP|NAT,,TAI,False
2026-08-19T06:01:29.188897,3121582,FOLLOW,XIU,XIU,ADAPTIVE_HOLD,0.989,ALT|c62-68|run1|with|g15-25|NAT,ALT|NAT,,TAI,False
2026-08-19T06:02:40.258914,3121583,FOLLOW,XIU,XIU,ADAPTIVE_HOLD,1.0,CHOP|c62-68|run2|against|g50+|BR,CHOP|BR,,XIU,True
2026-08-19T06:03:51.281676,3121584,REDUCE_SIZE,XIU,XIU,ADAPTIVE_HOLD,0.673,ALT|c62-68|run1|with|g50+|NAT,ALT|NAT,,TAI,False
2026-08-19T06:05:02.324716,3121585,REDUCE_SIZE,XIU,XIU,ADAPTIVE_HOLD,0.464,ALT|c62-68|run1|against|g25-50|NAT,ALT|NAT,,TAI,False
2026-08-19T06:06:13.324164,3121586,REDUCE_SIZE,XIU,XIU,ADAPTIVE_HOLD,0.685,CHOP|c62-68|run2|against|g15-25|NAT,CHOP|NAT,,TAI,False
2026-08-19T06:12:08.282162,3121591,FOLLOW,XIU,XIU,ADAPTIVE_HOLD,1.0,CLUST|c62-68|run4+|against|g8-15|NAT,CLUST|NAT,,XIU,True
2026-08-19T06:38:10.381360,3121613,FOLLOW,TAI,TAI,ADAPTIVE_HOLD,1.0,CLUST|c62-68|run4+|against|g25-50|NAT,CLUST|NAT,,TAI,True
2026-08-19T06:40:32.481963,3121615,FOLLOW,TAI,TAI,ADAPTIVE_HOLD,1.0,CHOP|c62-68|run1|against|g50+|BR,CHOP|BR,,TAI,True
2026-08-19T07:24:19.543209,3121652,FOLLOW,TAI,TAI,ADAPTIVE_HOLD,1.0,CLUST|c62-68|run4+|with|g25-50|NAT,CLUST|NAT,,TAI,True
2026-08-19T07:26:41.470072,3121654,FOLLOW,XIU,XIU,ADAPTIVE_HOLD,1.0,CLUST|c62-68|run2|with|g25-50|NAT,CLUST|NAT,,TAI,False
2026-08-19T07:27:52.575002,3121655,FOLLOW,XIU,XIU,ADAPTIVE_HOLD,1.0,CLUST|c62-68|run3|against|g8-15|NAT,CLUST|NAT,,TAI,False
2026-08-19T07:29:03.532347,3121656,FOLLOW,XIU,XIU,ADAPTIVE_HOLD,1.0,CLUST|c62-68|run4+|neutral|g3-8|NAT,CLUST|NAT,,TAI,False
2026-08-19T07:30:14.491041,3121657,FOLLOW,XIU,XIU,ADAPTIVE_HOLD,1.0,CLUST|c62-68|run4+|with|g25-50|NAT,CLUST|NAT,,XIU,True
2026-08-19T07:31:25.451916,3121658,FOLLOW,XIU,XIU,ADAPTIVE_HOLD,1.0,CLUST|c62-68|run1|with|g50+|NAT,CLUST|NAT,,XIU,True
2026-08-19T07:32:36.546514,3121659,FOLLOW,XIU,XIU,ADAPTIVE_HOLD,1.0,CLUST|c62-68|run2|with|g50+|NAT,CLUST|NAT,,TAI,False
2026-08-19T07:33:47.499119,3121660,FOLLOW,XIU,XIU,ADAPTIVE_HOLD,1.0,CLUST|c62-68|run1|against|g50+|NAT,CLUST|NAT,,XIU,True
2026-08-19T07:34:58.432810,3121661,REDUCE_SIZE,XIU,XIU,ADAPTIVE_HOLD,0.841,CHOP|c62-68|run1|with|g25-50|NAT,CHOP|NAT,,XIU,True
2026-08-19T07:36:09.506538,3121662,FOLLOW,TAI,TAI,ADAPTIVE_HOLD,1.0,CHOP|c62-68|run2|with|g50+|NAT,CHOP|NAT,,TAI,True
2026-08-19T07:37:20.536448,3121663,FOLLOW,TAI,TAI,ADAPTIVE_HOLD,1.0,CHOP|c62-68|run1|against|g8-15|BR,CHOP|BR,,XIU,False
2026-08-19T07:38:31.504710,3121664,REDUCE_SIZE,XIU,XIU,ADAPTIVE_HOLD,0.436,ALT|c62-68|run1|with|g50+|NAT,ALT|NAT,,TAI,False
2026-08-19T07:39:42.527397,3121665,FADE,XIU,TAI,ADAPTIVE_FADE,0.928,ALT|c62-68|run1|with|g50+|NAT,ALT|NAT,,XIU,False
2026-08-19T07:40:53.469996,3121666,REDUCE_SIZE,XIU,XIU,ADAPTIVE_HOLD,0.496,ALT|c62-68|run1|against|g50+|NAT,ALT|NAT,,TAI,False
2026-08-19T07:42:04.459217,3121667,FADE,XIU,TAI,ADAPTIVE_FADE,0.995,ALT|c62-68|run1|with|g50+|NAT,ALT|NAT,,TAI,True
2026-08-19T07:43:15.451100,3121668,FADE,XIU,TAI,ADAPTIVE_FADE,0.875,ALT|c62-68|run2|with|g50+|NAT,ALT|NAT,,TAI,True
2026-08-19T07:44:26.450240,3121669,FOLLOW,XIU,XIU,ADAPTIVE_HOLD,1.0,CHOP|c62-68|run3|against|g25-50|BR,CHOP|BR,,TAI,False
2026-08-19T07:45:37.527138,3121670,FOLLOW,XIU,XIU,ADAPTIVE_HOLD,1.0,CHOP|c62-68|run4+|neutral|g3-8|BR,CHOP|BR,,XIU,True
2026-08-19T07:46:48.491710,3121671,REDUCE_SIZE,XIU,XIU,ADAPTIVE_HOLD,0.816,CHOP|c62-68|run1|with|g15-25|BR,CHOP|BR,,TAI,False
2026-08-19T07:47:59.477111,3121672,FOLLOW,XIU,XIU,ADAPTIVE_HOLD,1.0,CHOP|c62-68|run1|with|g8-15|BR,CHOP|BR,,TAI,False
2026-08-19T07:49:10.492835,3121673,FOLLOW,XIU,XIU,ADAPTIVE_HOLD,1.0,CHOP|c62-68|run2|against|g50+|BR,CHOP|BR,,TAI,False
2026-08-19T07:50:21.456852,3121674,REDUCE_SIZE,TAI,TAI,ADAPTIVE_HOLD,0.944,CHOP|c62-68|run3|with|g25-50|NAT,CHOP|NAT,,XIU,False
2026-08-19T07:51:32.568389,3121675,FOLLOW,XIU,XIU,ADAPTIVE_HOLD,1.0,CHOP|c62-68|run1|against|g50+|BR,CHOP|BR,,XIU,True
2026-08-19T07:52:43.531247,3121676,REDUCE_SIZE,XIU,XIU,ADAPTIVE_HOLD,0.967,CHOP|c62-68|run2|against|g25-50|BR,CHOP|BR,,TAI,False
2026-08-19T07:53:54.508206,3121677,FOLLOW,XIU,XIU,ADAPTIVE_HOLD,1.0,CHOP|c62-68|run1|against|g25-50|BR,CHOP|BR,,TAI,False
2026-08-19T07:55:05.590770,3121678,REDUCE_SIZE,XIU,XIU,ADAPTIVE_HOLD,0.706,CHOP|c62-68|run2|with|g50+|BR,CHOP|BR,,XIU,True
2026-08-19T07:58:38.492618,3121681,REDUCE_SIZE,XIU,XIU,ADAPTIVE_HOLD,0.892,CHOP|c62-68|run2|neutral|g3-8|NAT,CHOP|NAT,,XIU,True
2026-08-19T07:59:49.574428,3121682,FOLLOW,XIU,XIU,ADAPTIVE_HOLD,1.0,CHOP|c62-68|run1|against|g50+|BR,CHOP|BR,,TAI,False
2026-08-19T08:19:56.587398,3121699,REDUCE_SIZE,TAI,TAI,ADAPTIVE_HOLD,0.709,ALT|c62-68|run2|with|g50+|NAT,ALT|NAT,,TAI,True
2026-08-19T08:21:07.622835,3121700,FOLLOW,XIU,XIU,ADAPTIVE_HOLD,1.0,CHOP|c62-68|run3|with|g50+|NAT,CHOP|NAT,,TAI,False
2026-08-19T08:24:40.631270,3121703,FOLLOW,XIU,XIU,ADAPTIVE_HOLD,1.0,CLUST|c62-68|run4+|with|g15-25|NAT,CLUST|NAT,,TAI,False
2026-08-19T08:25:51.567505,3121704,FOLLOW,XIU,XIU,ADAPTIVE_FOLLOW,0.925,CLUST|c62-68|run4+|against|g50+|NAT,CLUST|NAT,,TAI,False
2026-08-19T08:27:02.559769,3121705,FOLLOW,XIU,XIU,ADAPTIVE_HOLD,1.0,CLUST|c62-68|run4+|against|g8-15|NAT,CLUST|NAT,,TAI,False
2026-08-19T08:28:13.564848,3121706,FOLLOW,XIU,XIU,ADAPTIVE_HOLD,1.0,CLUST|c62-68|run4+|against|g8-15|NAT,CLUST|NAT,,XIU,True
2026-08-19T10:26:33.877568,3121806,FOLLOW,TAI,TAI,ADAPTIVE_HOLD,1.0,CLUST|c62-68|run4+|against|g50+|NAT,CLUST|NAT,,TAI,True
2026-08-19T10:30:06.888714,3121809,FOLLOW,TAI,TAI,ADAPTIVE_HOLD,1.0,CHOP|c62-68|run1|against|g50+|BR,CHOP|BR,,TAI,True
2026-08-19T10:31:17.940862,3121810,REDUCE_SIZE,TAI,TAI,ADAPTIVE_HOLD,0.735,CHOP|c62-68|run1|with|g50+|BR,CHOP|BR,,TAI,True
2026-08-19T10:32:28.853958,3121811,REDUCE_SIZE,XIU,XIU,ADAPTIVE_HOLD,0.56,CHOP|c62-68|run2|with|g25-50|NAT,CHOP|NAT,,XIU,True
2026-08-19T10:33:39.890535,3121812,FOLLOW,XIU,XIU,ADAPTIVE_HOLD,1.0,CHOP|c62-68|run1|against|g50+|BR,CHOP|BR,,TAI,False
2026-08-19T10:34:50.893881,3121813,REDUCE_SIZE,XIU,XIU,ADAPTIVE_HOLD,0.5,ALT|c62-68|run1|against|g50+|NAT,ALT|NAT,,TAI,False
2026-08-19T10:36:01.848026,3121814,FOLLOW,XIU,XIU,ADAPTIVE_HOLD,1.0,CHOP|c62-68|run2|with|g50+|NAT,CHOP|NAT,,TAI,False
2026-08-19T10:37:12.908913,3121815,REDUCE_SIZE,XIU,XIU,ADAPTIVE_HOLD,0.943,CHOP|c62-68|run3|neutral|g3-8|BR,CHOP|BR,,XIU,True
2026-08-19T10:38:24.042768,3121816,FOLLOW,XIU,XIU,ADAPTIVE_HOLD,1.0,CHOP|c62-68|run1|against|g50+|BR,CHOP|BR,,XIU,True
2026-08-19T10:39:34.919550,3121817,FOLLOW,XIU,XIU,ADAPTIVE_HOLD,1.0,CHOP|c62-68|run2|with|g50+|NAT,CHOP|NAT,,XIU,True
2026-08-19T10:40:45.918369,3121818,FOLLOW,XIU,XIU,ADAPTIVE_HOLD,1.0,CLUST|c62-68|run3|with|g25-50|NAT,CLUST|NAT,,TAI,False
2026-08-19T10:41:57.058318,3121819,REDUCE_SIZE,XIU,XIU,ADAPTIVE_HOLD,0.955,CHOP|c62-68|run1|against|g50+|NAT,CHOP|NAT,,TAI,False
2026-08-19T10:43:07.898047,3121820,REDUCE_SIZE,XIU,XIU,ADAPTIVE_HOLD,0.914,CHOP|c62-68|run2|against|g50+|NAT,CHOP|NAT,,XIU,True
2026-08-19T10:44:18.898029,3121821,FOLLOW,XIU,XIU,ADAPTIVE_HOLD,1.0,CHOP|c62-68|run1|neutral|g3-8|BR,CHOP|BR,,XIU,True
2026-08-19T10:45:29.989481,3121822,FOLLOW,TAI,TAI,ADAPTIVE_HOLD,1.0,CHOP|c62-68|run2|with|g15-25|BR,CHOP|BR,,TAI,True
2026-08-19T10:46:40.935199,3121823,REDUCE_SIZE,XIU,XIU,ADAPTIVE_HOLD,0.753,CHOP|c62-68|run1|against|g50+|NAT,CHOP|NAT,,XIU,True
2026-08-19T10:47:51.898430,3121824,FOLLOW,XIU,XIU,ADAPTIVE_HOLD,1.0,CHOP|c62-68|run1|with|g25-50|NAT,CHOP|NAT,,TAI,False
2026-08-19T10:49:03.063212,3121825,FADE,XIU,TAI,ADAPTIVE_FADE,0.816,ALT|c62-68|run1|with|g50+|NAT,ALT|NAT,,XIU,False
2026-08-19T10:50:13.945808,3121826,FADE,XIU,TAI,ADAPTIVE_FADE,0.905,ALT|c62-68|run1|against|g50+|NAT,ALT|NAT,,TAI,True
2026-08-19T10:50:57.892849,3121826,REDUCE_SIZE,XIU,XIU,ADAPTIVE_HOLD,0.88,ALT|c62-68|run1|against|g15-25|NAT,ALT|NAT,,,
2026-08-19T10:51:24.905660,3121827,FADE,XIU,TAI,ADAPTIVE_FADE,0.853,ALT|c62-68|run1|with|g50+|NAT,ALT|NAT,,TAI,True
2026-08-19T10:52:36.095260,3121828,REDUCE_SIZE,XIU,XIU,ADAPTIVE_HOLD,0.711,ALT|c62-68|run2|against|g15-25|NAT,ALT|NAT,,TAI,False
2026-08-19T10:53:46.974779,3121829,FOLLOW,XIU,XIU,ADAPTIVE_HOLD,1.0,CHOP|c62-68|run3|against|g8-15|BR,CHOP|BR,,TAI,False
2026-08-19T10:54:57.940198,3121830,FOLLOW,XIU,XIU,ADAPTIVE_HOLD,1.0,CHOP|c62-68|run4+|against|g50+|BR,CHOP|BR,,XIU,True
2026-08-19T10:56:09.104660,3121831,FOLLOW,XIU,XIU,ADAPTIVE_HOLD,1.0,CHOP|c62-68|run1|against|g25-50|BR,CHOP|BR,,TAI,False
2026-08-19T10:57:19.978709,3121832,REDUCE_SIZE,XIU,XIU,ADAPTIVE_HOLD,0.881,CHOP|c62-68|run1|against|g25-50|BR,CHOP|BR,,XIU,True
2026-08-19T10:58:30.971795,3121833,REDUCE_SIZE,XIU,XIU,ADAPTIVE_HOLD,0.636,ALT|c62-68|run1|against|g50+|NAT,ALT|NAT,,TAI,False
2026-08-19T10:59:42.021628,3121834,REDUCE_SIZE,XIU,XIU,ADAPTIVE_HOLD,0.602,ALT|c62-68|run1|with|g50+|NAT,ALT|NAT,,TAI,False
2026-08-19T11:00:53.016667,3121835,REDUCE_SIZE,XIU,XIU,ADAPTIVE_HOLD,0.615,ALT|c62-68|run2|against|g50+|NAT,ALT|NAT,,XIU,True
2026-08-19T11:02:03.942985,3121836,FADE,XIU,TAI,ADAPTIVE_FADE,0.806,ALT|c62-68|run1|against|g50+|NAT,ALT|NAT,,TAI,True
2026-08-19T11:03:14.993987,3121837,REDUCE_SIZE,XIU,XIU,ADAPTIVE_HOLD,0.727,ALT|c62-68|run1|against|g50+|NAT,ALT|NAT,,XIU,True
2026-08-19T11:04:26.170586,3121838,REDUCE_SIZE,XIU,XIU,ADAPTIVE_HOLD,0.89,ALT|c62-68|run1|against|g50+|NAT,ALT|NAT,,TAI,False
2026-08-19T11:05:36.998126,3121839,FADE,XIU,TAI,ADAPTIVE_FADE,0.786,ALT|c62-68|run1|with|g50+|NAT,ALT|NAT,,TAI,True
2026-08-19T11:06:48.110607,3121840,FOLLOW,XIU,XIU,ADAPTIVE_HOLD,1.0,ALT|c62-68|run2|against|g50+|NAT,ALT|NAT,,TAI,False
2026-08-19T11:07:58.960723,3121841,REDUCE_SIZE,XIU,XIU,ADAPTIVE_HOLD,0.742,ALT|c62-68|run3|against|g50+|NAT,ALT|NAT,,XIU,True
2026-08-19T11:11:32.044745,3121844,FOLLOW,TAI,TAI,ADAPTIVE_HOLD,1.0,CHOP|c62-68|run3|with|g50+|BR,CHOP|BR,,XIU,False
2026-08-19T11:13:54.118963,3121846,FOLLOW,TAI,TAI,ADAPTIVE_HOLD,1.0,CHOP|c62-68|run1|with|g50+|BR,CHOP|BR,,TAI,True
2026-08-19T11:17:27.074844,3121849,FOLLOW,XIU,XIU,ADAPTIVE_FOLLOW,0.901,CLUST|c62-68|run4+|against|g25-50|NAT,CLUST|NAT,,XIU,True
2026-08-19T11:18:38.067464,3121850,FOLLOW,XIU,XIU,ADAPTIVE_HOLD,1.0,CHOP|c62-68|run1|with|g50+|BR,CHOP|BR,,XIU,True
2026-08-19T11:19:49.106848,3121851,FOLLOW,XIU,XIU,ADAPTIVE_HOLD,1.0,CLUST|c62-68|run2|with|g50+|NAT,CLUST|NAT,,TAI,False
2026-08-19T11:21:00.092895,3121852,FOLLOW,XIU,XIU,ADAPTIVE_FOLLOW,0.897,CLUST|c62-68|run1|against|g50+|NAT,CLUST|NAT,,XIU,True
2026-08-19T11:22:10.986346,3121853,FOLLOW,XIU,XIU,ADAPTIVE_HOLD,0.979,CHOP|c62-68|run1|with|g25-50|NAT,CHOP|NAT,,XIU,True
2026-08-19T11:23:22.036119,3121854,REDUCE_SIZE,TAI,TAI,ADAPTIVE_HOLD,0.843,CHOP|c62-68|run2|with|g25-50|NAT,CHOP|NAT,,XIU,False
2026-08-19T11:24:32.996659,3121855,FOLLOW,XIU,XIU,ADAPTIVE_HOLD,1.0,CLUST|c62-68|run3|with|g25-50|NAT,CLUST|NAT,,TAI,False
2026-08-19T11:25:44.047958,3121856,FOLLOW,TAI,TAI,ADAPTIVE_HOLD,1.0,CHOP|c62-68|run1|against|g50+|BR,CHOP|BR,,TAI,True
2026-08-19T11:26:55.068278,3121857,REDUCE_SIZE,XIU,XIU,ADAPTIVE_HOLD,0.609,CHOP|c62-68|run2|against|g15-25|NAT,CHOP|NAT,,TAI,False
2026-08-19T11:28:06.085475,3121858,FOLLOW,XIU,XIU,ADAPTIVE_HOLD,1.0,CLUST|c62-68|run3|against|g15-25|NAT,CLUST|NAT,,XIU,True
2026-08-19T11:29:17.065887,3121859,FOLLOW,XIU,XIU,ADAPTIVE_HOLD,1.0,CHOP|c62-68|run1|with|g50+|NAT,CHOP|NAT,,XIU,True
2026-08-19T11:30:28.059770,3121860,FOLLOW,XIU,XIU,ADAPTIVE_HOLD,1.0,CHOP|c62-68|run2|with|g50+|NAT,CHOP|NAT,,XIU,True
2026-08-19T11:31:38.979891,3121861,FOLLOW,XIU,XIU,ADAPTIVE_HOLD,1.0,CLUST|c62-68|run3|against|g50+|NAT,CLUST|NAT,,XIU,True
2026-08-19T11:32:50.126241,3121862,FOLLOW,XIU,XIU,ADAPTIVE_FOLLOW,0.908,CLUST|c62-68|run4+|with|g25-50|NAT,CLUST|NAT,,TAI,False
2026-08-19T11:34:01.046800,3121863,FOLLOW,XIU,XIU,ADAPTIVE_FOLLOW,0.956,CLUST|c62-68|run1|against|g50+|NAT,CLUST|NAT,,TAI,False
2026-08-19T11:35:12.005153,3121864,REDUCE_SIZE,XIU,XIU,ADAPTIVE_HOLD,0.969,CLUST|c62-68|run2|against|g50+|NAT,CLUST|NAT,,XIU,True
2026-08-19T11:36:23.043403,3121865,FOLLOW,XIU,XIU,ADAPTIVE_FOLLOW,0.895,CLUST|c62-68|run1|with|g50+|NAT,CLUST|NAT,,TAI,False
2026-08-19T11:37:34.103188,3121866,REDUCE_SIZE,XIU,XIU,ADAPTIVE_HOLD,0.79,CHOP|c62-68|run1|against|g25-50|NAT,CHOP|NAT,,TAI,False
2026-08-19T11:38:45.142640,3121867,FOLLOW,XIU,XIU,ADAPTIVE_HOLD,0.974,CHOP|c62-68|run2|against|g25-50|NAT,CHOP|NAT,,TAI,False
2026-08-19T11:39:56.060643,3121868,FOLLOW,XIU,XIU,ADAPTIVE_HOLD,1.0,CLUST|c62-68|run3|against|g50+|NAT,CLUST|NAT,,TAI,False
2026-08-19T11:41:07.071697,3121869,REDUCE_SIZE,XIU,XIU,ADAPTIVE_HOLD,0.758,CLUST|c62-68|run4+|with|g15-25|NAT,CLUST|NAT,,XIU,True
2026-08-19T11:42:18.059814,3121870,FOLLOW,XIU,XIU,ADAPTIVE_HOLD,1.0,CHOP|c62-68|run1|with|g25-50|BR,CHOP|BR,,TAI,False
2026-08-19T11:43:29.065087,3121871,FOLLOW,XIU,XIU,ADAPTIVE_HOLD,1.0,CHOP|c62-68|run1|against|g50+|BR,CHOP|BR,,XIU,True
2026-08-19T11:44:40.038870,3121872,FOLLOW,XIU,XIU,ADAPTIVE_FOLLOW,0.86,CHOP|c62-68|run1|against|g50+|BR,CHOP|BR,,XIU,True
2026-08-19T11:45:51.099256,3121873,FOLLOW,XIU,XIU,ADAPTIVE_HOLD,1.0,CHOP|c62-68|run2|neutral|g3-8|NAT,CHOP|NAT,,XIU,True
2026-08-19T11:47:02.068783,3121874,REDUCE_SIZE,TAI,TAI,ADAPTIVE_HOLD,0.87,CHOP|c62-68|run3|against|g25-50|BR,CHOP|BR,,TAI,True
2026-08-19T11:48:13.165518,3121875,FOLLOW,XIU,XIU,ADAPTIVE_HOLD,0.978,CHOP|c62-68|run1|neutral|g3-8|NAT,CHOP|NAT,,XIU,True
2026-08-19T11:49:24.112580,3121876,FOLLOW,TAI,TAI,ADAPTIVE_FOLLOW,0.885,CHOP|c62-68|run1|against|g50+|BR,CHOP|BR,,TAI,True
2026-08-19T11:50:35.132059,3121877,REDUCE_SIZE,XIU,XIU,ADAPTIVE_HOLD,0.719,ALT|c62-68|run1|with|g50+|NAT,ALT|NAT,,XIU,True
2026-08-19T11:51:46.225469,3121878,FADE,XIU,TAI,ADAPTIVE_FADE,0.817,ALT|c62-68|run1|against|g25-50|NAT,ALT|NAT,,TAI,True
2026-08-19T11:52:57.265055,3121879,REDUCE_SIZE,XIU,XIU,ADAPTIVE_HOLD,0.858,ALT|c62-68|run1|with|g50+|NAT,ALT|NAT,,XIU,True
2026-08-19T11:54:08.075990,3121880,REDUCE_SIZE,XIU,XIU,ADAPTIVE_HOLD,0.848,ALT|c62-68|run1|against|g50+|NAT,ALT|NAT,,XIU,True
2026-08-19T11:55:19.083204,3121881,REDUCE_SIZE,XIU,XIU,ADAPTIVE_HOLD,0.724,ALT|c62-68|run2|neutral|g0-3|NAT,ALT|NAT,,XIU,True
2026-08-19T11:56:30.035434,3121882,REDUCE_SIZE,XIU,XIU,ADAPTIVE_HOLD,0.96,ALT|c62-68|run3|with|g8-15|NAT,ALT|NAT,,XIU,True
2026-08-19T11:57:41.129380,3121883,FOLLOW,TAI,TAI,ADAPTIVE_HOLD,1.0,CHOP|c62-68|run4+|neutral|g0-3|BR,CHOP|BR,,TAI,True
2026-08-19T11:58:52.129529,3121884,REDUCE_SIZE,TAI,TAI,ADAPTIVE_HOLD,0.747,CHOP|c62-68|run1|with|g15-25|BR,CHOP|BR,,TAI,True
2026-08-19T12:00:03.118308,3121885,FOLLOW,XIU,XIU,ADAPTIVE_HOLD,1.0,CHOP|c62-68|run2|against|g50+|NAT,CHOP|NAT,,XIU,True
2026-08-19T12:01:14.123529,3121886,FOLLOW,TAI,TAI,ADAPTIVE_FOLLOW,0.91,CHOP|c62-68|run1|against|g50+|BR,CHOP|BR,,XIU,False
2026-08-19T12:02:25.132740,3121887,FOLLOW,TAI,TAI,ADAPTIVE_HOLD,1.0,CHOP|c62-68|run2|with|g50+|BR,CHOP|BR,,TAI,True
2026-08-19T12:03:36.149080,3121888,FOLLOW,XIU,XIU,ADAPTIVE_HOLD,1.0,CHOP|c62-68|run1|against|g50+|NAT,CHOP|NAT,,TAI,False
2026-08-19T12:05:58.150018,3121890,FOLLOW,TAI,TAI,ADAPTIVE_FOLLOW,0.874,CHOP|c62-68|run1|against|g50+|BR,CHOP|BR,,XIU,False
2026-08-19T12:08:20.184220,3121892,FOLLOW,XIU,XIU,ADAPTIVE_FOLLOW,0.84,CHOP|c62-68|run1|against|g50+|BR,CHOP|BR,,TAI,False
2026-08-19T12:11:53.204047,3121895,FOLLOW,XIU,XIU,ADAPTIVE_FOLLOW,0.883,CLUST|c62-68|run4+|with|g8-15|NAT,CLUST|NAT,,TAI,False
2026-08-19T12:13:04.140961,3121896,FOLLOW,XIU,XIU,ADAPTIVE_HOLD,1.0,CLUST|c62-68|run4+|against|g15-25|NAT,CLUST|NAT,,XIU,True
2026-08-19T12:14:15.155403,3121897,FOLLOW,XIU,XIU,ADAPTIVE_HOLD,1.0,CLUST|c62-68|run1|with|g50+|NAT,CLUST|NAT,,TAI,False
2026-08-19T12:17:48.188187,3121900,FOLLOW,XIU,XIU,ADAPTIVE_HOLD,0.996,ALT|c62-68|run1|with|g50+|NAT,ALT|NAT,,TAI,False
2026-08-19T12:26:05.195202,3121907,REDUCE_SIZE,XIU,XIU,ADAPTIVE_HOLD,0.906,ALT|c62-68|run1|with|g50+|NAT,ALT|NAT,,XIU,True
2026-08-19T12:27:16.243462,3121908,FOLLOW,XIU,XIU,ADAPTIVE_HOLD,0.995,ALT|c62-68|run1|against|g50+|NAT,ALT|NAT,,XIU,True
2026-08-19T12:28:27.184220,3121909,FOLLOW,XIU,XIU,ADAPTIVE_HOLD,1.0,ALT|c62-68|run2|against|g50+|NAT,ALT|NAT,,XIU,True
2026-08-19T12:29:38.402701,3121910,FOLLOW,TAI,TAI,ADAPTIVE_HOLD,1.0,CHOP|c62-68|run3|against|g25-50|BR,CHOP|BR,,XIU,False
2026-08-19T12:30:49.266236,3121911,FOLLOW,TAI,TAI,ADAPTIVE_HOLD,1.0,CHOP|c62-68|run4+|against|g15-25|BR,CHOP|BR,,XIU,False
2026-08-19T12:49:45.306488,3121927,FOLLOW,XIU,XIU,ADAPTIVE_HOLD,1.0,ALT|c62-68|run1|with|g50+|NAT,ALT|NAT,,TAI,False
2026-08-19T12:59:13.281140,3121935,FADE,XIU,TAI,ADAPTIVE_FADE,0.719,CHOP|c62-68|run3|with|g50+|BR,CHOP|BR,,TAI,True
2026-08-19T13:00:24.417739,3121936,FOLLOW,XIU,XIU,ADAPTIVE_HOLD,1.0,CHOP|c62-68|run4+|with|g25-50|BR,CHOP|BR,,TAI,False
2026-08-19T13:08:41.274698,3121943,FOLLOW,TAI,TAI,ADAPTIVE_HOLD,1.0,CLUST|c62-68|run4+|with|g25-50|NAT,CLUST|NAT,,XIU,False
2026-08-19T13:09:52.312925,3121944,FOLLOW,TAI,TAI,ADAPTIVE_HOLD,1.0,CLUST|c68-75|run4+|neutral|g3-8|NAT,CLUST|NAT,,XIU,False
2026-08-19T13:11:03.284989,3121945,FOLLOW,TAI,TAI,ADAPTIVE_HOLD,1.0,CLUST|c68-75|run4+|with|g50+|NAT,CLUST|NAT,,TAI,True
2026-08-19T13:15:47.342622,3121949,FOLLOW,TAI,TAI,ADAPTIVE_FOLLOW,0.922,CHOP|c62-68|run1|with|g50+|BR,CHOP|BR,,TAI,True
2026-08-19T13:16:58.380694,3121950,FOLLOW,XIU,XIU,ADAPTIVE_HOLD,1.0,ALT|c62-68|run1|with|g50+|NAT,ALT|NAT,,TAI,False
2026-08-19T13:19:20.295150,3121952,FOLLOW,XIU,XIU,ADAPTIVE_HOLD,1.0,CHOP|c62-68|run3|against|g15-25|BR,CHOP|BR,,TAI,False
2026-08-19T13:20:31.329212,3121953,FOLLOW,XIU,XIU,ADAPTIVE_FOLLOW,0.908,CHOP|c62-68|run4+|against|g50+|BR,CHOP|BR,,XIU,True
2026-08-19T13:21:42.301872,3121954,FOLLOW,XIU,XIU,ADAPTIVE_FOLLOW,0.939,CHOP|c62-68|run1|with|g50+|BR,CHOP|BR,,XIU,True
2026-08-19T13:26:26.363828,3121958,FADE,TAI,XIU,ADAPTIVE_FADE,0.729,CHOP|c62-68|run1|with|g8-15|BR,CHOP|BR,,TAI,False
2026-08-19T13:27:37.357236,3121959,FOLLOW,TAI,TAI,ADAPTIVE_FOLLOW,0.957,CLUST|c68-75|run2|with|g50+|NAT,CLUST|NAT,,TAI,True
2026-08-19T13:29:59.330374,3121961,FOLLOW,XIU,XIU,ADAPTIVE_FOLLOW,1.0,CHOP|c62-68|run1|with|g50+|NAT,CHOP|NAT,,XIU,True
2026-08-19T13:31:10.295864,3121962,FOLLOW,XIU,XIU,ADAPTIVE_HOLD,1.0,CLUST|c68-75|run2|with|g25-50|NAT,CLUST|NAT,,XIU,True
2026-08-19T13:32:21.457195,3121963,FOLLOW,XIU,XIU,ADAPTIVE_FOLLOW,0.971,CLUST|c62-68|run3|against|g15-25|NAT,CLUST|NAT,,XIU,True
